<?xml version="1.0" encoding="UTF-8"?>
<library xmlns="http://www.netbeans.org/ns/library-declaration/3" version="3.0">
    <name>Sphinx4</name>
    <type>j2se</type>
    <display-name>Sphinx4</display-name>
    <volume>
        <type>classpath</type>
        <resource>jar:file:/C:/Database/subject%20to%20deletion/sphinx4-core-5prealpha-20160628.232526-10.jar!/</resource>
        <resource>jar:file:/C:/Database/subject%20to%20deletion/sphinx4-data-5prealpha-20160628.232535-10.jar!/</resource>
    </volume>
    <volume>
        <type>src</type>
    </volume>
    <volume>
        <type>javadoc</type>
    </volume>
    <volume>
        <type>maven-pom</type>
    </volume>
    <properties/>
</library>
