<?xml version="1.0" encoding="UTF-8"?>
<!DOCTYPE platform PUBLIC "-//NetBeans//DTD Java PlatformDefinition 1.0//EN" "http://www.netbeans.org/dtds/java-platformdefinition-1_0.dtd">
<platform default="no" name="JDK 1.8">
    <jdkhome>
        <resource>file:/C:/Users/user/AppData/Local/Java/OpenJDK8U-jdk_x64_windows_8u332b03_ea/openjdk-8u332-b03/</resource>
    </jdkhome>
    <properties>
        <property name="platform.ant.name" value="JDK_1.8"/>
    </properties>
    <sysproperties>
        <property name="awt.toolkit" value="sun.awt.windows.WToolkit"/>
        <property name="file.encoding" value="Cp1252"/>
        <property name="file.encoding.pkg" value="sun.io"/>
        <property name="file.separator" value="\"/>
        <property name="java.awt.graphicsenv" value="sun.awt.Win32GraphicsEnvironment"/>
        <property name="java.awt.printerjob" value="sun.awt.windows.WPrinterJob"/>
        <property name="java.class.path" value=""/>
        <property name="java.class.version" value="52.0"/>
        <property name="java.endorsed.dirs" value="C:\Users\user\AppData\Local\Java\OpenJDK8U-jdk_x64_windows_8u332b03_ea\openjdk-8u332-b03\jre\lib\endorsed"/>
        <property name="java.ext.dirs" value="C:\Users\user\AppData\Local\Java\OpenJDK8U-jdk_x64_windows_8u332b03_ea\openjdk-8u332-b03\jre\lib\ext;C:\Windows\Sun\Java\lib\ext"/>
        <property name="java.home" value="C:\Users\user\AppData\Local\Java\OpenJDK8U-jdk_x64_windows_8u332b03_ea\openjdk-8u332-b03\jre"/>
        <property name="java.io.tmpdir" value="C:\Users\user\AppData\Local\Temp\"/>
        <property name="java.library.path" value="C:\Users\user\AppData\Local\Java\OpenJDK8U-jdk_x64_windows_8u332b03_ea\openjdk-8u332-b03\bin;C:\Windows\Sun\Java\bin;C:\Windows\system32;C:\Windows;C:\Program Files\Zulu\zulu-11\bin\;C:\Program Files\Common Files\Oracle\Java\javapath;C:\Program Files\Python39\Scripts\;C:\Program Files\Python39\;C:\Program Files\AdoptOpenJDK\jre-8.0.292.10-hotspot\bin;C:\Program Files\AdoptOpenJDK\jre-11.0.11.9-hotspot\bin;C:\Windows\system32;C:\Windows;C:\Windows\System32\Wbem;C:\Windows\System32\WindowsPowerShell\v1.0\;C:\Windows\System32\OpenSSH\;C:\Program Files\PuTTY\;C:\Program Files\Microsoft VS Code\bin;C:\Program Files\Git\cmd;C:\Program Files (x86)\Gpg4win\..\GnuPG\bin;C:\Program Files\Zulu\zulu-14\bin\;C:\Users\user\AppData\Local\Microsoft\WindowsApps;C:\Users\user\AppData\Local\atom\bin;C:\Users\user\AppData\Local\GitHubDesktop\bin;C:\Program Files\JetBrains\PyCharm Community Edition 2021.2.2\bin;;."/>
        <property name="java.runtime.name" value="OpenJDK Runtime Environment"/>
        <property name="java.runtime.version" value="1.8.0_332-ea-b03"/>
        <property name="java.specification.name" value="Java Platform API Specification"/>
        <property name="java.specification.vendor" value="Oracle Corporation"/>
        <property name="java.specification.version" value="1.8"/>
        <property name="java.vendor" value="Oracle Corporation"/>
        <property name="java.vendor.url" value="http://java.oracle.com/"/>
        <property name="java.vendor.url.bug" value="http://bugreport.sun.com/bugreport/"/>
        <property name="java.version" value="1.8.0_332-ea"/>
        <property name="java.vm.info" value="mixed mode"/>
        <property name="java.vm.name" value="OpenJDK 64-Bit Server VM"/>
        <property name="java.vm.specification.name" value="Java Virtual Machine Specification"/>
        <property name="java.vm.specification.vendor" value="Oracle Corporation"/>
        <property name="java.vm.specification.version" value="1.8"/>
        <property name="java.vm.vendor" value="Oracle Corporation"/>
        <property name="java.vm.version" value="25.332-b03"/>
        <property name="line.separator" value="&#13;&#10;"/>
        <property name="os.arch" value="amd64"/>
        <property name="os.name" value="Windows 10"/>
        <property name="os.version" value="10.0"/>
        <property name="path.separator" value=";"/>
        <property name="sun.arch.data.model" value="64"/>
        <property name="sun.boot.class.path" value="C:\Users\user\AppData\Local\Java\OpenJDK8U-jdk_x64_windows_8u332b03_ea\openjdk-8u332-b03\jre\lib\resources.jar;C:\Users\user\AppData\Local\Java\OpenJDK8U-jdk_x64_windows_8u332b03_ea\openjdk-8u332-b03\jre\lib\rt.jar;C:\Users\user\AppData\Local\Java\OpenJDK8U-jdk_x64_windows_8u332b03_ea\openjdk-8u332-b03\jre\lib\sunrsasign.jar;C:\Users\user\AppData\Local\Java\OpenJDK8U-jdk_x64_windows_8u332b03_ea\openjdk-8u332-b03\jre\lib\jsse.jar;C:\Users\user\AppData\Local\Java\OpenJDK8U-jdk_x64_windows_8u332b03_ea\openjdk-8u332-b03\jre\lib\jce.jar;C:\Users\user\AppData\Local\Java\OpenJDK8U-jdk_x64_windows_8u332b03_ea\openjdk-8u332-b03\jre\lib\charsets.jar;C:\Users\user\AppData\Local\Java\OpenJDK8U-jdk_x64_windows_8u332b03_ea\openjdk-8u332-b03\jre\lib\jfr.jar;C:\Users\user\AppData\Local\Java\OpenJDK8U-jdk_x64_windows_8u332b03_ea\openjdk-8u332-b03\jre\classes"/>
        <property name="sun.boot.library.path" value="C:\Users\user\AppData\Local\Java\OpenJDK8U-jdk_x64_windows_8u332b03_ea\openjdk-8u332-b03\jre\bin"/>
        <property name="sun.cpu.endian" value="little"/>
        <property name="sun.cpu.isalist" value="amd64"/>
        <property name="sun.desktop" value="windows"/>
        <property name="sun.io.unicode.encoding" value="UnicodeLittle"/>
        <property name="sun.java.command" value="J2SEPlatformProbe C:\Users\user\AppData\Local\Temp\nb-platformdetect7428555013140639928properties"/>
        <property name="sun.java.launcher" value="SUN_STANDARD"/>
        <property name="sun.jnu.encoding" value="Cp1252"/>
        <property name="sun.management.compiler" value="HotSpot 64-Bit Tiered Compilers"/>
        <property name="sun.os.patch.level" value=""/>
        <property name="sun.stderr.encoding" value="cp437"/>
        <property name="sun.stdout.encoding" value="cp437"/>
        <property name="user.country" value="US"/>
        <property name="user.dir" value=""/>
        <property name="user.home" value="C:\Users\user"/>
        <property name="user.language" value="en"/>
        <property name="user.name" value="user"/>
        <property name="user.script" value=""/>
        <property name="user.timezone" value="America/Denver"/>
        <property name="user.variant" value=""/>
    </sysproperties>
</platform>
