<?xml version="1.0" encoding="UTF-8"?>
<!DOCTYPE platform PUBLIC "-//NetBeans//DTD Java PlatformDefinition 1.0//EN" "http://www.netbeans.org/dtds/java-platformdefinition-1_0.dtd">
<platform default="no" name="JDK 11">
    <jdkhome>
        <resource>file:/C:/Program%20Files/Zulu/zulu-11/</resource>
    </jdkhome>
    <properties>
        <property name="platform.ant.name" value="JDK_11"/>
    </properties>
    <sysproperties>
        <property name="awt.toolkit" value="sun.awt.windows.WToolkit"/>
        <property name="file.encoding" value="Cp1252"/>
        <property name="file.separator" value="\"/>
        <property name="java.awt.graphicsenv" value="sun.awt.Win32GraphicsEnvironment"/>
        <property name="java.awt.printerjob" value="sun.awt.windows.WPrinterJob"/>
        <property name="java.class.path" value=""/>
        <property name="java.class.version" value="55.0"/>
        <property name="java.home" value="C:\Program Files\Zulu\zulu-11"/>
        <property name="java.io.tmpdir" value="C:\Users\user\AppData\Local\Temp\"/>
        <property name="java.library.path" value="C:\Program Files\Zulu\zulu-11\bin;C:\Windows\Sun\Java\bin;C:\Windows\system32;C:\Windows;C:\Program Files\Zulu\zulu-11\bin\;C:\Program Files\Common Files\Oracle\Java\javapath;C:\Program Files\Python39\Scripts\;C:\Program Files\Python39\;C:\Program Files\AdoptOpenJDK\jre-8.0.292.10-hotspot\bin;C:\Program Files\AdoptOpenJDK\jre-11.0.11.9-hotspot\bin;C:\Windows\system32;C:\Windows;C:\Windows\System32\Wbem;C:\Windows\System32\WindowsPowerShell\v1.0\;C:\Windows\System32\OpenSSH\;C:\Program Files\PuTTY\;C:\Program Files\Microsoft VS Code\bin;C:\Program Files\Git\cmd;C:\Program Files (x86)\Gpg4win\..\GnuPG\bin;C:\Program Files\Zulu\zulu-14\bin\;C:\Users\user\AppData\Local\Microsoft\WindowsApps;C:\Users\user\AppData\Local\atom\bin;C:\Users\user\AppData\Local\GitHubDesktop\bin;C:\Program Files\JetBrains\PyCharm Community Edition 2021.2.2\bin;;."/>
        <property name="java.runtime.name" value="OpenJDK Runtime Environment"/>
        <property name="java.runtime.version" value="11.0.14.1+1-LTS"/>
        <property name="java.specification.name" value="Java Platform API Specification"/>
        <property name="java.specification.vendor" value="Oracle Corporation"/>
        <property name="java.specification.version" value="11"/>
        <property name="java.vendor" value="Azul Systems, Inc."/>
        <property name="java.vendor.url" value="http://www.azul.com/"/>
        <property name="java.vendor.url.bug" value="http://www.azul.com/support/"/>
        <property name="java.vendor.version" value="Zulu11.54+25-CA"/>
        <property name="java.version" value="11.0.14.1"/>
        <property name="java.version.date" value="2022-02-08"/>
        <property name="java.vm.compressedOopsMode" value="32-bit"/>
        <property name="java.vm.info" value="mixed mode"/>
        <property name="java.vm.name" value="OpenJDK 64-Bit Server VM"/>
        <property name="java.vm.specification.name" value="Java Virtual Machine Specification"/>
        <property name="java.vm.specification.vendor" value="Oracle Corporation"/>
        <property name="java.vm.specification.version" value="11"/>
        <property name="java.vm.vendor" value="Azul Systems, Inc."/>
        <property name="java.vm.version" value="11.0.14.1+1-LTS"/>
        <property name="jdk.debug" value="release"/>
        <property name="jdk.vendor.version" value="Zulu11.54+25-CA"/>
        <property name="line.separator" value="&#13;&#10;"/>
        <property name="os.arch" value="amd64"/>
        <property name="os.name" value="Windows 10"/>
        <property name="os.version" value="10.0"/>
        <property name="path.separator" value=";"/>
        <property name="sun.arch.data.model" value="64"/>
        <property name="sun.boot.library.path" value="C:\Program Files\Zulu\zulu-11\bin"/>
        <property name="sun.cpu.endian" value="little"/>
        <property name="sun.cpu.isalist" value="amd64"/>
        <property name="sun.desktop" value="windows"/>
        <property name="sun.io.unicode.encoding" value="UnicodeLittle"/>
        <property name="sun.java.command" value="J2SEPlatformProbe C:\Users\user\AppData\Local\Temp\nb-platformdetect14185396882587925188properties"/>
        <property name="sun.java.launcher" value="SUN_STANDARD"/>
        <property name="sun.jnu.encoding" value="Cp1252"/>
        <property name="sun.management.compiler" value="HotSpot 64-Bit Tiered Compilers"/>
        <property name="sun.os.patch.level" value=""/>
        <property name="sun.stderr.encoding" value="cp437"/>
        <property name="sun.stdout.encoding" value="cp437"/>
        <property name="user.country" value="US"/>
        <property name="user.dir" value=""/>
        <property name="user.home" value="C:\Users\user"/>
        <property name="user.language" value="en"/>
        <property name="user.name" value="user"/>
        <property name="user.script" value=""/>
        <property name="user.timezone" value="America/Denver"/>
        <property name="user.variant" value=""/>
    </sysproperties>
    <sources>
        <resource>jar:file:/C:/Program%20Files/Zulu/zulu-11/lib/src.zip!/java.base/</resource>
        <resource>jar:file:/C:/Program%20Files/Zulu/zulu-11/lib/src.zip!/java.desktop/</resource>
        <resource>jar:file:/C:/Program%20Files/Zulu/zulu-11/lib/src.zip!/jdk.hotspot.agent/</resource>
        <resource>jar:file:/C:/Program%20Files/Zulu/zulu-11/lib/src.zip!/jdk.internal.vm.compiler/</resource>
        <resource>jar:file:/C:/Program%20Files/Zulu/zulu-11/lib/src.zip!/jdk.localedata/</resource>
        <resource>jar:file:/C:/Program%20Files/Zulu/zulu-11/lib/src.zip!/java.xml/</resource>
        <resource>jar:file:/C:/Program%20Files/Zulu/zulu-11/lib/src.zip!/jdk.scripting.nashorn/</resource>
        <resource>jar:file:/C:/Program%20Files/Zulu/zulu-11/lib/src.zip!/jdk.javadoc/</resource>
        <resource>jar:file:/C:/Program%20Files/Zulu/zulu-11/lib/src.zip!/java.logging/</resource>
        <resource>jar:file:/C:/Program%20Files/Zulu/zulu-11/lib/src.zip!/jdk.compiler/</resource>
        <resource>jar:file:/C:/Program%20Files/Zulu/zulu-11/lib/src.zip!/java.xml.crypto/</resource>
        <resource>jar:file:/C:/Program%20Files/Zulu/zulu-11/lib/src.zip!/jdk.jdeps/</resource>
        <resource>jar:file:/C:/Program%20Files/Zulu/zulu-11/lib/src.zip!/jdk.jconsole/</resource>
        <resource>jar:file:/C:/Program%20Files/Zulu/zulu-11/lib/src.zip!/java.compiler/</resource>
        <resource>jar:file:/C:/Program%20Files/Zulu/zulu-11/lib/src.zip!/jdk.management/</resource>
        <resource>jar:file:/C:/Program%20Files/Zulu/zulu-11/lib/src.zip!/jdk.security.jgss/</resource>
        <resource>jar:file:/C:/Program%20Files/Zulu/zulu-11/lib/src.zip!/jdk.accessibility/</resource>
        <resource>jar:file:/C:/Program%20Files/Zulu/zulu-11/lib/src.zip!/java.net.http/</resource>
        <resource>jar:file:/C:/Program%20Files/Zulu/zulu-11/lib/src.zip!/jdk.internal.vm.ci/</resource>
        <resource>jar:file:/C:/Program%20Files/Zulu/zulu-11/lib/src.zip!/jdk.jdi/</resource>
        <resource>jar:file:/C:/Program%20Files/Zulu/zulu-11/lib/src.zip!/java.rmi/</resource>
        <resource>jar:file:/C:/Program%20Files/Zulu/zulu-11/lib/src.zip!/java.security.jgss/</resource>
        <resource>jar:file:/C:/Program%20Files/Zulu/zulu-11/lib/src.zip!/jdk.jfr/</resource>
        <resource>jar:file:/C:/Program%20Files/Zulu/zulu-11/lib/src.zip!/jdk.management.agent/</resource>
        <resource>jar:file:/C:/Program%20Files/Zulu/zulu-11/lib/src.zip!/java.naming/</resource>
        <resource>jar:file:/C:/Program%20Files/Zulu/zulu-11/lib/src.zip!/jdk.rmic/</resource>
        <resource>jar:file:/C:/Program%20Files/Zulu/zulu-11/lib/src.zip!/jdk.internal.le/</resource>
        <resource>jar:file:/C:/Program%20Files/Zulu/zulu-11/lib/src.zip!/jdk.xml.dom/</resource>
        <resource>jar:file:/C:/Program%20Files/Zulu/zulu-11/lib/src.zip!/java.sql/</resource>
        <resource>jar:file:/C:/Program%20Files/Zulu/zulu-11/lib/src.zip!/jdk.aot/</resource>
        <resource>jar:file:/C:/Program%20Files/Zulu/zulu-11/lib/src.zip!/jdk.security.auth/</resource>
        <resource>jar:file:/C:/Program%20Files/Zulu/zulu-11/lib/src.zip!/jdk.jlink/</resource>
        <resource>jar:file:/C:/Program%20Files/Zulu/zulu-11/lib/src.zip!/jdk.charsets/</resource>
        <resource>jar:file:/C:/Program%20Files/Zulu/zulu-11/lib/src.zip!/jdk.internal.jvmstat/</resource>
        <resource>jar:file:/C:/Program%20Files/Zulu/zulu-11/lib/src.zip!/java.management/</resource>
        <resource>jar:file:/C:/Program%20Files/Zulu/zulu-11/lib/src.zip!/jdk.jshell/</resource>
        <resource>jar:file:/C:/Program%20Files/Zulu/zulu-11/lib/src.zip!/jdk.dynalink/</resource>
        <resource>jar:file:/C:/Program%20Files/Zulu/zulu-11/lib/src.zip!/jdk.sctp/</resource>
        <resource>jar:file:/C:/Program%20Files/Zulu/zulu-11/lib/src.zip!/java.prefs/</resource>
        <resource>jar:file:/C:/Program%20Files/Zulu/zulu-11/lib/src.zip!/jdk.httpserver/</resource>
        <resource>jar:file:/C:/Program%20Files/Zulu/zulu-11/lib/src.zip!/jdk.jsobject/</resource>
        <resource>jar:file:/C:/Program%20Files/Zulu/zulu-11/lib/src.zip!/jdk.crypto.ec/</resource>
        <resource>jar:file:/C:/Program%20Files/Zulu/zulu-11/lib/src.zip!/java.security.sasl/</resource>
        <resource>jar:file:/C:/Program%20Files/Zulu/zulu-11/lib/src.zip!/java.sql.rowset/</resource>
        <resource>jar:file:/C:/Program%20Files/Zulu/zulu-11/lib/src.zip!/jdk.crypto.mscapi/</resource>
        <resource>jar:file:/C:/Program%20Files/Zulu/zulu-11/lib/src.zip!/java.smartcardio/</resource>
        <resource>jar:file:/C:/Program%20Files/Zulu/zulu-11/lib/src.zip!/jdk.jstatd/</resource>
        <resource>jar:file:/C:/Program%20Files/Zulu/zulu-11/lib/src.zip!/jdk.management.jfr/</resource>
        <resource>jar:file:/C:/Program%20Files/Zulu/zulu-11/lib/src.zip!/jdk.scripting.nashorn.shell/</resource>
        <resource>jar:file:/C:/Program%20Files/Zulu/zulu-11/lib/src.zip!/jdk.jartool/</resource>
        <resource>jar:file:/C:/Program%20Files/Zulu/zulu-11/lib/src.zip!/jdk.internal.opt/</resource>
        <resource>jar:file:/C:/Program%20Files/Zulu/zulu-11/lib/src.zip!/jdk.crypto.cryptoki/</resource>
        <resource>jar:file:/C:/Program%20Files/Zulu/zulu-11/lib/src.zip!/java.management.rmi/</resource>
        <resource>jar:file:/C:/Program%20Files/Zulu/zulu-11/lib/src.zip!/jdk.internal.vm.compiler.management/</resource>
        <resource>jar:file:/C:/Program%20Files/Zulu/zulu-11/lib/src.zip!/jdk.attach/</resource>
        <resource>jar:file:/C:/Program%20Files/Zulu/zulu-11/lib/src.zip!/com.azul.tooling/</resource>
        <resource>jar:file:/C:/Program%20Files/Zulu/zulu-11/lib/src.zip!/jdk.jcmd/</resource>
        <resource>jar:file:/C:/Program%20Files/Zulu/zulu-11/lib/src.zip!/java.scripting/</resource>
        <resource>jar:file:/C:/Program%20Files/Zulu/zulu-11/lib/src.zip!/java.datatransfer/</resource>
        <resource>jar:file:/C:/Program%20Files/Zulu/zulu-11/lib/src.zip!/java.instrument/</resource>
        <resource>jar:file:/C:/Program%20Files/Zulu/zulu-11/lib/src.zip!/jdk.unsupported/</resource>
        <resource>jar:file:/C:/Program%20Files/Zulu/zulu-11/lib/src.zip!/jdk.naming.rmi/</resource>
        <resource>jar:file:/C:/Program%20Files/Zulu/zulu-11/lib/src.zip!/jdk.unsupported.desktop/</resource>
        <resource>jar:file:/C:/Program%20Files/Zulu/zulu-11/lib/src.zip!/jdk.internal.ed/</resource>
        <resource>jar:file:/C:/Program%20Files/Zulu/zulu-11/lib/src.zip!/jdk.zipfs/</resource>
        <resource>jar:file:/C:/Program%20Files/Zulu/zulu-11/lib/src.zip!/jdk.net/</resource>
        <resource>jar:file:/C:/Program%20Files/Zulu/zulu-11/lib/src.zip!/jdk.naming.dns/</resource>
        <resource>jar:file:/C:/Program%20Files/Zulu/zulu-11/lib/src.zip!/jdk.naming.ldap/</resource>
        <resource>jar:file:/C:/Program%20Files/Zulu/zulu-11/lib/src.zip!/java.transaction.xa/</resource>
        <resource>jar:file:/C:/Program%20Files/Zulu/zulu-11/lib/src.zip!/jdk.editpad/</resource>
        <resource>jar:file:/C:/Program%20Files/Zulu/zulu-11/lib/src.zip!/jdk.pack/</resource>
        <resource>jar:file:/C:/Program%20Files/Zulu/zulu-11/lib/src.zip!/java.se/</resource>
        <resource>jar:file:/C:/Program%20Files/Zulu/zulu-11/lib/src.zip!/jdk.jdwp.agent/</resource>
        <resource>jar:file:/C:/Program%20Files/Zulu/zulu-11/lib/src.zip!/com.azul.crs.client/</resource>
        <resource>jar:file:/C:/Database/openjfx-17.0.2_windows-x64_bin-sdk/javafx-sdk-17.0.2/lib/javafx-swt.jar!/</resource>
        <resource>jar:file:/C:/Database/openjfx-17.0.2_windows-x64_bin-sdk/javafx-sdk-17.0.2/lib/javafx.base.jar!/</resource>
        <resource>jar:file:/C:/Database/openjfx-17.0.2_windows-x64_bin-sdk/javafx-sdk-17.0.2/lib/javafx.controls.jar!/</resource>
        <resource>jar:file:/C:/Database/openjfx-17.0.2_windows-x64_bin-sdk/javafx-sdk-17.0.2/lib/javafx.fxml.jar!/</resource>
        <resource>jar:file:/C:/Database/openjfx-17.0.2_windows-x64_bin-sdk/javafx-sdk-17.0.2/lib/javafx.graphics.jar!/</resource>
        <resource>jar:file:/C:/Database/openjfx-17.0.2_windows-x64_bin-sdk/javafx-sdk-17.0.2/lib/javafx.media.jar!/</resource>
        <resource>jar:file:/C:/Database/openjfx-17.0.2_windows-x64_bin-sdk/javafx-sdk-17.0.2/lib/javafx.swing.jar!/</resource>
        <resource>jar:file:/C:/Database/openjfx-17.0.2_windows-x64_bin-sdk/javafx-sdk-17.0.2/lib/javafx.web.jar!/</resource>
        <resource>jar:file:/C:/Database/openjfx-11.0.1_windows-x64_bin-sdk/javafx-sdk-11.0.1/lib/javafx-swt.jar!/</resource>
        <resource>jar:file:/C:/Database/openjfx-11.0.1_windows-x64_bin-sdk/javafx-sdk-11.0.1/lib/javafx.base.jar!/</resource>
        <resource>jar:file:/C:/Database/openjfx-11.0.1_windows-x64_bin-sdk/javafx-sdk-11.0.1/lib/javafx.controls.jar!/</resource>
        <resource>jar:file:/C:/Database/openjfx-11.0.1_windows-x64_bin-sdk/javafx-sdk-11.0.1/lib/javafx.fxml.jar!/</resource>
        <resource>jar:file:/C:/Database/openjfx-11.0.1_windows-x64_bin-sdk/javafx-sdk-11.0.1/lib/javafx.graphics.jar!/</resource>
        <resource>jar:file:/C:/Database/openjfx-11.0.1_windows-x64_bin-sdk/javafx-sdk-11.0.1/lib/javafx.media.jar!/</resource>
        <resource>jar:file:/C:/Database/openjfx-11.0.1_windows-x64_bin-sdk/javafx-sdk-11.0.1/lib/javafx.swing.jar!/</resource>
        <resource>jar:file:/C:/Database/openjfx-11.0.1_windows-x64_bin-sdk/javafx-sdk-11.0.1/lib/javafx.web.jar!/</resource>
    </sources>
</platform>
