<?xml version="1.0" encoding="UTF-8"?>
<!DOCTYPE platform PUBLIC "-//NetBeans//DTD Java PlatformDefinition 1.0//EN" "http://www.netbeans.org/dtds/java-platformdefinition-1_0.dtd">
<platform default="no" name="Zulu 14">
    <jdkhome>
        <resource>file:/C:/Program%20Files/Zulu/zulu-14/</resource>
    </jdkhome>
    <properties>
        <property name="platform.ant.name" value="Zulu_14"/>
    </properties>
    <sysproperties>
        <property name="file.encoding" value="Cp1252"/>
        <property name="file.separator" value="\"/>
        <property name="java.class.path" value=""/>
        <property name="java.class.version" value="58.0"/>
        <property name="java.home" value="C:\Program Files\Zulu\zulu-14"/>
        <property name="java.io.tmpdir" value="C:\Users\user\AppData\Local\Temp\"/>
        <property name="java.library.path" value="C:\Program Files\Zulu\zulu-14\bin;C:\Windows\Sun\Java\bin;C:\Windows\system32;C:\Windows;C:\Program Files\Common Files\Oracle\Java\javapath;C:\Program Files\Python39\Scripts\;C:\Program Files\Python39\;C:\Program Files\AdoptOpenJDK\jre-8.0.292.10-hotspot\bin;C:\Program Files\AdoptOpenJDK\jre-11.0.11.9-hotspot\bin;C:\Windows\system32;C:\Windows;C:\Windows\System32\Wbem;C:\Windows\System32\WindowsPowerShell\v1.0\;C:\Windows\System32\OpenSSH\;C:\Program Files\PuTTY\;C:\Program Files\Microsoft VS Code\bin;C:\Program Files\Git\cmd;C:\Program Files (x86)\Gpg4win\..\GnuPG\bin;C:\Users\user\AppData\Local\Microsoft\WindowsApps;C:\Users\user\AppData\Local\atom\bin;C:\Users\user\AppData\Local\GitHubDesktop\bin;C:\Program Files\JetBrains\PyCharm Community Edition 2021.2.2\bin;;."/>
        <property name="java.runtime.name" value="OpenJDK Runtime Environment"/>
        <property name="java.runtime.version" value="14.0.2+12"/>
        <property name="java.specification.name" value="Java Platform API Specification"/>
        <property name="java.specification.vendor" value="Oracle Corporation"/>
        <property name="java.specification.version" value="14"/>
        <property name="java.vendor" value="Azul Systems, Inc."/>
        <property name="java.vendor.url" value="http://www.azulsystems.com/"/>
        <property name="java.vendor.url.bug" value="http://www.azulsystems.com/support/"/>
        <property name="java.vendor.version" value="Zulu14.29+23-CA"/>
        <property name="java.version" value="14.0.2"/>
        <property name="java.version.date" value="2020-07-14"/>
        <property name="java.vm.compressedOopsMode" value="32-bit"/>
        <property name="java.vm.info" value="mixed mode, sharing"/>
        <property name="java.vm.name" value="OpenJDK 64-Bit Server VM"/>
        <property name="java.vm.specification.name" value="Java Virtual Machine Specification"/>
        <property name="java.vm.specification.vendor" value="Oracle Corporation"/>
        <property name="java.vm.specification.version" value="14"/>
        <property name="java.vm.vendor" value="Azul Systems, Inc."/>
        <property name="java.vm.version" value="14.0.2+12"/>
        <property name="jdk.debug" value="release"/>
        <property name="jdk.vendor.version" value="Zulu14.29+23-CA"/>
        <property name="line.separator" value="&#13;&#10;"/>
        <property name="os.arch" value="amd64"/>
        <property name="os.name" value="Windows 10"/>
        <property name="os.version" value="10.0"/>
        <property name="path.separator" value=";"/>
        <property name="sun.arch.data.model" value="64"/>
        <property name="sun.boot.library.path" value="C:\Program Files\Zulu\zulu-14\bin"/>
        <property name="sun.cpu.endian" value="little"/>
        <property name="sun.cpu.isalist" value="amd64"/>
        <property name="sun.io.unicode.encoding" value="UnicodeLittle"/>
        <property name="sun.java.command" value="J2SEPlatformProbe C:\Users\user\AppData\Local\Temp\nb-platformdetect7260507288953927906properties"/>
        <property name="sun.java.launcher" value="SUN_STANDARD"/>
        <property name="sun.jnu.encoding" value="Cp1252"/>
        <property name="sun.management.compiler" value="HotSpot 64-Bit Tiered Compilers"/>
        <property name="sun.os.patch.level" value=""/>
        <property name="sun.stderr.encoding" value="cp437"/>
        <property name="sun.stdout.encoding" value="cp437"/>
        <property name="user.country" value="US"/>
        <property name="user.dir" value=""/>
        <property name="user.home" value="C:\Users\user"/>
        <property name="user.language" value="en"/>
        <property name="user.name" value="user"/>
        <property name="user.script" value=""/>
        <property name="user.timezone" value="America/Denver"/>
        <property name="user.variant" value=""/>
    </sysproperties>
</platform>
